Date,Name,Year,Letterboxd URI,Rating,Rewatch,Tags,Watched Date
2019-02-04,Velvet Buzzsaw,2019,https://boxd.it/DbONv,4,,,2019-02-03
2019-02-10,The Sixth Sense,1999,https://boxd.it/Dvp5N,4,,,2019-02-09
2019-02-11,Hostel,2005,https://boxd.it/Dzrnn,1,,,2019-02-10
2019-02-12,Overlord,2018,https://boxd.it/DCzbv,3.5,,,2019-02-11
2019-02-14,Drive,2011,https://boxd.it/DIKLV,4.5,,,2019-02-13
2019-02-16,Green Book,2018,https://boxd.it/DO1Sp,4,,,2019-02-15
2019-02-18,West Side Story,1961,https://boxd.it/DUHYh,1,,,2019-02-17
2019-02-26,Bao,2018,https://boxd.it/EmLRZ,4,,,2019-02-25
2019-03-10,Spirited Away,2001,https://boxd.it/EZumj,4.5,,,2019-03-09
2019-03-15,Vice,2018,https://boxd.it/FfS2p,2.5,,,2019-03-14
2019-03-16,Kiki's Delivery Service,1989,https://boxd.it/FiMP7,4.5,,,2019-03-15
2019-03-18,The Big Short,2015,https://boxd.it/Fqf6J,4.5,,,2019-03-17
2019-03-23,Tau,2018,https://boxd.it/FEpi9,3,,,2019-03-22
2019-05-11,Shazam!,2019,https://boxd.it/HZUDx,3,,,2019-05-10
2019-09-06,Cube,1997,https://boxd.it/NZKgd,4,,,2019-09-02
2019-09-06,Zodiac,2007,https://boxd.it/NZ3Th,4,Yes,,2019-09-03
2019-09-06,Four Weddings and a Funeral,1994,https://boxd.it/O0a7h,3.5,,,2019-09-05
2019-09-10,Hereditary,2018,https://boxd.it/OdSfF,4.5,,,2019-09-09
2019-09-12,It,2017,https://boxd.it/OjLJZ,4,,,2019-09-11
2019-09-15,Warrior,2011,https://boxd.it/OsKW7,3.5,,,2019-09-14
2019-09-20,John Wick: Chapter 2,2017,https://boxd.it/OIKo7,4,,,2019-09-19
2019-09-21,It Chapter Two,2019,https://boxd.it/OKZdH,3,,,2019-09-20
2019-09-23,Prisoners,2013,https://boxd.it/OUGyB,4.5,,,2019-09-23
2019-09-25,Chain Reaction,1996,https://boxd.it/P0v0l,2,,,2019-09-25
2019-09-26,The Room,2003,https://boxd.it/P2dfB,1,,,2019-09-26
2019-09-28,Microwave Massacre,1979,https://boxd.it/P7epd,0.5,,,2019-09-27
2019-09-29,Ready or Not,2019,https://boxd.it/Paohz,2.5,,,2019-09-28
2019-10-08,Joker,2019,https://boxd.it/PHNXL,4.5,,,2019-10-08
2019-10-20,Inner Workings,2016,https://boxd.it/QooQ7,3.5,,,2019-10-19
2019-10-20,Moana,2016,https://boxd.it/QoFj5,4,,,2019-10-19
2019-10-20,Terminator 3: Rise of the Machines,2003,https://boxd.it/QqG45,2.5,,,2019-10-20
2019-10-21,Wind River,2017,https://boxd.it/QvkYb,4.5,,,2019-10-21
2019-10-29,Brightburn,2019,https://boxd.it/QXAL9,2.5,,,2019-10-28
2019-11-05,Arrival,2016,https://boxd.it/Rpo7n,5,Yes,,2019-11-05
2019-11-09,Up in the Air,2009,https://boxd.it/RDc2j,4,,,2019-11-09
2019-11-17,How to Train Your Dragon,2010,https://boxd.it/S5PAZ,4,,,2019-11-16
2019-11-19,Rush,2013,https://boxd.it/SeYWD,4,,,2019-11-19
2019-11-26,Ford v Ferrari,2019,https://boxd.it/SEYDt,5,,,2019-11-26
2019-12-01,In Bruges,2008,https://boxd.it/SWVsN,2.5,,,2019-11-30
2019-12-03,Home Alone,1990,https://boxd.it/T6c0z,4,,,2019-12-02
2019-12-04,Jumper,2008,https://boxd.it/TaxpN,2,,,2019-12-03
2019-12-06,Die Hard,1988,https://boxd.it/ThzJz,3,,,2019-12-05
2019-12-07,Kill Bill: Vol. 1,2003,https://boxd.it/TkVpH,4,,,2019-12-06
2019-12-08,Knives Out,2019,https://boxd.it/Tox6J,4.5,,,2019-12-07
2019-12-09,Dredd,2012,https://boxd.it/TtKGl,3,,,2019-12-08
2019-12-16,Chef,2014,https://boxd.it/TVFkv,4,,,2019-12-15
2019-12-18,Spectre,2015,https://boxd.it/U5GOB,3,,,2019-12-18
2019-12-19,Wind River,2017,https://boxd.it/U7Aap,4.5,Yes,,2019-12-18
2019-12-22,Paddington,2014,https://boxd.it/UkTuT,4,,,2019-12-21
2019-12-25,Blackadder's Christmas Carol,1988,https://boxd.it/UAlAv,4,,,2019-12-24
2019-12-26,Klaus,2019,https://boxd.it/UDAob,4,,,2019-12-25
2019-12-27,Amélie,2001,https://boxd.it/ULSEx,4,,,2019-12-26
2019-12-29,Star Wars: The Rise of Skywalker,2019,https://boxd.it/UXuLN,3,,,2019-12-28
2019-12-30,Cats,2019,https://boxd.it/V2ned,2,,,2019-12-29
2019-12-31,Parasite,2019,https://boxd.it/V8Eor,4,,,2019-12-30
2020-01-02,Mission: Impossible – Fallout,2018,https://boxd.it/Vn0H9,4,,,2020-01-01
2020-01-03,Paddington 2,2017,https://boxd.it/VuY3d,4,,,2020-01-02
2020-01-28,Hoodwinked!,2005,https://boxd.it/XR4lp,4.5,,,2020-01-27
2020-02-03,1917,2019,https://boxd.it/YlF4v,4.5,,,2020-02-01
2020-02-07,Jojo Rabbit,2019,https://boxd.it/YGozt,4.5,,,2020-02-06
2020-02-10,Whiplash,2014,https://boxd.it/YZ3Q7,5,,,2020-02-09
2020-02-14,Birds of Prey (and the Fantabulous Emancipation of One Harley Quinn),2020,https://boxd.it/ZjnH5,4,,,2020-02-13
2020-02-16,Cars 3,2017,https://boxd.it/ZtpbP,4,,,2020-02-15
2020-02-17,Interstellar,2014,https://boxd.it/ZCyM9,3.5,,,2020-02-17
2020-02-19,The Big Short,2015,https://boxd.it/ZNBPH,4,Yes,,2020-02-18
2020-02-24,The Current War,2017,https://boxd.it/10crdD,2.5,,,2020-02-23
2020-02-26,Sonic the Hedgehog,2020,https://boxd.it/10obKF,2.5,,,2020-02-25
2020-03-02,Children of Men,2006,https://boxd.it/10NPsV,4.5,,,2020-03-01
2020-03-07,Uncut Gems,2019,https://boxd.it/11a29L,3,,,2020-03-06
2020-03-17,Chicago,2002,https://boxd.it/11XBJx,5,,,2020-03-16
2020-03-20,Star Trek Into Darkness,2013,https://boxd.it/12ecGx,3,,,2020-03-19
2020-03-21,Ender's Game,2013,https://boxd.it/12n4H1,2.5,,,2020-03-20
2020-03-24,The Invisible Man,2020,https://boxd.it/12GjiX,4.5,,,2020-03-23
2020-03-25,Jojo Rabbit,2019,https://boxd.it/12LMfX,4,Yes,,2020-03-24
2020-03-26,Upgrade,2018,https://boxd.it/12TYOh,4,,,2020-03-25
2020-03-27,The Lobster,2015,https://boxd.it/130bGR,3,,,2020-03-26
2020-03-29,Ad Astra,2019,https://boxd.it/13f6hH,4.5,,,2020-03-28
2020-03-30,Now You See Me 2,2016,https://boxd.it/13nUwt,2.5,,,2020-03-29
2020-03-31,Batman Begins,2005,https://boxd.it/13v9fr,4,,,2020-03-30
2020-04-01,The Dark Knight,2008,https://boxd.it/13CPm9,4.5,Yes,,2020-03-31
2020-04-05,The Dark Knight Rises,2012,https://boxd.it/14a7R1,4,,,2020-04-05
2020-04-06,Knives Out,2019,https://boxd.it/14effH,4.5,Yes,,2020-04-05
2020-04-08,War for the Planet of the Apes,2017,https://boxd.it/14tRA9,3.5,,,2020-04-08
2020-04-09,The Machinist,2004,https://boxd.it/14AeZj,3,,,2020-04-08
2020-04-10,The Gentlemen,2019,https://boxd.it/14GCi1,4.5,,,2020-04-09
2020-04-11,TRON: Legacy,2010,https://boxd.it/14PLqr,3,,,2020-04-10
2020-04-14,Thief,1981,https://boxd.it/15gSjB,3,,,2020-04-12
2020-04-14,Signs,2002,https://boxd.it/15gQKl,2.5,,,2020-04-13
2020-04-15,Enemy,2013,https://boxd.it/15oRhZ,3.5,,,2020-04-14
2020-04-16,Spirited Away,2001,https://boxd.it/15Ad7f,4,Yes,,2020-04-15
2020-04-17,Gone Girl,2014,https://boxd.it/15Dvl1,4.5,,,2020-04-16
2020-04-18,Whiplash,2014,https://boxd.it/15JYJt,5,Yes,,2020-04-17
2020-04-21,A Ghost Story,2017,https://boxd.it/168VgN,3,,,2020-04-20
2020-04-29,Kung Fu Panda 2,2011,https://boxd.it/177miB,2.5,,,2020-04-28
2020-05-09,Atomic Blonde,2017,https://boxd.it/18kF3P,2.5,,,2020-05-08
2020-05-11,Shame,2011,https://boxd.it/18AVZR,3.5,,,2020-05-10
2020-05-12,Sicario: Day of the Soldado,2018,https://boxd.it/18J8Rx,3,,,2020-05-11
2020-05-13,Bad Education,2019,https://boxd.it/18PMCz,4.5,,,2020-05-12
2020-05-15,Annihilation,2018,https://boxd.it/192XyJ,4,,,2020-05-14
2020-05-18,Jumanji: Welcome to the Jungle,2017,https://boxd.it/19oGLF,2.5,,,2020-05-17
2020-05-23,Widows,2018,https://boxd.it/19XC3J,4.5,,,2020-05-22
2020-05-25,Dune,1984,https://boxd.it/1adTDV,2,,,2020-05-24
2020-05-26,Treasure Planet,2002,https://boxd.it/1alCMx,4,,,2020-05-25
2020-05-27,First Reformed,2017,https://boxd.it/1asxS5,3.5,,plex,2020-05-26
2020-05-29,Man of Steel,2013,https://boxd.it/1aIQtP,3.5,,,2020-05-28
2020-05-30,Argo,2012,https://boxd.it/1aLY8B,4,,,2020-05-29
2020-06-01,Batman v Superman: Dawn of Justice,2016,https://boxd.it/1b03rV,2.5,,,2020-05-31
2020-06-02,Captain Phillips,2013,https://boxd.it/1b6gfv,5,,,2020-06-01
2020-06-03,Rise of the Planet of the Apes,2011,https://boxd.it/1bc32l,3.5,,,2020-06-02
2020-06-07,Game Night,2018,https://boxd.it/1bBbZb,3,,,2020-06-06
2020-06-09,Sliding Doors,1998,https://boxd.it/1bQUQN,2.5,,,2020-06-08
2020-06-10,Steve Jobs,2015,https://boxd.it/1bX9Jz,5,,,2020-06-09
2020-06-17,You Were Never Really Here,2017,https://boxd.it/1cGIZR,3,,,2020-06-16
2020-06-18,A Monster Calls,2016,https://boxd.it/1cMHgD,4,,,2020-06-17
2020-06-20,Frank,2014,https://boxd.it/1cYxLZ,4,,,2020-06-19
2020-06-22,Tomb Raider,2018,https://boxd.it/1dbW5F,2.5,,,2020-06-21
2020-06-25,The Vast of Night,2019,https://boxd.it/1dtXtJ,4.5,,,2020-06-24
2020-06-26,Unbreakable,2000,https://boxd.it/1dzs41,3,,,2020-06-25
2020-06-28,Glass,2019,https://boxd.it/1dL1pP,3.5,Yes,,2020-06-27
2020-06-29,Mortal Engines,2018,https://boxd.it/1dS3GR,2.5,,,2020-06-28
2020-07-07,Searching,2018,https://boxd.it/1eHBHL,4.5,,,2020-07-06
2020-07-10,Bait,2019,https://boxd.it/1eZctZ,4.5,,,2020-07-09
2020-07-11,Your Name.,2016,https://boxd.it/1f5Erf,5,,,2020-07-10
2020-07-14,Palm Springs,2020,https://boxd.it/1fq59d,4.5,,,2020-07-13
2020-07-17,The Gentlemen,2019,https://boxd.it/1fLhIh,4,Yes,,2020-07-16
2020-07-18,Snatch,2000,https://boxd.it/1fRkOp,3,,,2020-07-17
2020-07-19,Yesterday,2019,https://boxd.it/1fXADf,4,,,2020-07-18
2020-07-19,Kingsman: The Secret Service,2014,https://boxd.it/1g1UR5,3.5,Yes,,2020-07-19
2020-07-21,Kingsman: The Golden Circle,2017,https://boxd.it/1gaJ4p,2.5,,,2020-07-20
2020-07-25,Cloverfield,2008,https://boxd.it/1gzgJt,3.5,,,2020-07-24
2020-07-27,Up in the Air,2009,https://boxd.it/1gMZKR,4,Yes,,2020-07-26
2020-07-28,Sicario,2015,https://boxd.it/1gV13B,4.5,Yes,,2020-07-27
2020-07-30,Tag,2018,https://boxd.it/1h667Z,2,,,2020-07-29
2020-07-31,American Animals,2018,https://boxd.it/1hc2qP,4,,,2020-07-30
2020-08-02,Catch Me If You Can,2002,https://boxd.it/1hoaEf,4.5,Yes,,2020-08-01
2020-08-05,Election,1999,https://boxd.it/1hMqVT,3.5,,plex,2020-08-04
2020-08-07,Dunkirk,2017,https://boxd.it/1hUJJ9,4.5,,bluray,2020-08-06
2020-08-08,Crazy Rich Asians,2018,https://boxd.it/1i0qfh,3.5,,cinehub,2020-08-07
2020-08-09,Predestination,2014,https://boxd.it/1i7a8X,3,,,2020-08-08
2020-08-10,Collateral,2004,https://boxd.it/1ifdSl,2.5,,plex,2020-08-09
2020-08-12,V for Vendetta,2005,https://boxd.it/1isBXZ,3.5,Yes,,2020-08-11
2020-08-15,Slow West,2015,https://boxd.it/1iL0SV,3.5,,plex,2020-08-14
2020-08-16,True Grit,2010,https://boxd.it/1iPMJv,3.5,,,2020-08-15
2020-08-17,Watchmen,2009,https://boxd.it/1iZgO9,3.5,,bluray,2020-08-16
2020-08-20,Solo: A Star Wars Story,2018,https://boxd.it/1jhyqZ,2.5,,,2020-08-19
2020-08-25,Derren Brown: Pushed to the Edge,2016,https://boxd.it/1jNLPH,3.5,,netflix,2020-08-24
2020-08-31,Get Duked!,2019,https://boxd.it/1koSHz,2,,,2020-08-30
2020-09-05,Tenet,2020,https://boxd.it/1l0yJV,4.5,,cinema,2020-09-05
2020-09-06,Never Let Me Go,2010,https://boxd.it/1l3Cgp,3.5,,plex,2020-09-05
2020-09-10,The Social Dilemma,2020,https://boxd.it/1lwNrB,3.5,,netflix,2020-09-09
2020-09-15,Juno,2007,https://boxd.it/1m3b3x,3.5,,,2020-09-14
2020-09-17,Nocturnal Animals,2016,https://boxd.it/1meMtT,3.5,,plex,2020-09-16
2020-09-24,The Girl Who Leapt Through Time,2006,https://boxd.it/1mWrPH,3.5,,plex,2020-09-23
2020-09-28,Call Me by Your Name,2017,https://boxd.it/1nlhRj,4,,plex,2020-09-27
2020-09-28,Enola Holmes,2020,https://boxd.it/1npSdt,2.5,,netflix,2020-09-28
2020-10-04,The Guest,2014,https://boxd.it/1nWuar,3,,plex,2020-10-03
2020-10-04,ERASED,2016,https://boxd.it/1o1Mcb,4,,prime,2020-10-04
2020-10-08,12 Angry Men,1957,https://boxd.it/1opdef,5,,plex,2020-10-07
2020-10-10,Monty Python and the Holy Grail,1975,https://boxd.it/1oB8eX,3.5,,dvd,2020-10-09
2020-10-11,Angel Beats!,2010,https://boxd.it/1oMHm5,4,,netflix,2020-10-11
2020-10-13,Spotlight,2015,https://boxd.it/1oXAwf,4,,dvd,2020-10-12
2020-10-16,Panic Room,2002,https://boxd.it/1peOf7,4,,netflix,2020-10-15
2020-10-17,The American,2010,https://boxd.it/1pkHWv,3,,,2020-10-16
2020-10-20,The Accountant,2016,https://boxd.it/1pHHPP,3.5,,plex,2020-10-19
2020-10-22,Se7en,1995,https://boxd.it/1pTU2l,4.5,,plex,2020-10-21
2020-10-23,Dark Waters,2019,https://boxd.it/1q0ho7,4.5,,plex,2020-10-22
2020-10-26,Phantom Thread,2017,https://boxd.it/1qslNL,4.5,,plex,2020-10-26
2020-10-28,The Favourite,2018,https://boxd.it/1qAB99,3.5,,plex,2020-10-27
2020-10-29,The Descent,2005,https://boxd.it/1qJbLz,3,,cinehub,2020-10-28
2020-10-31,It Follows,2014,https://boxd.it/1qXjK3,3,,plex,2020-10-30
2020-11-01,Drive,2011,https://boxd.it/1r2BPb,4,Yes,plex,2020-10-31
2020-11-01,The Life Aquatic with Steve Zissou,2004,https://boxd.it/1r5gWV,3.5,,plex,2020-10-31
2020-11-02,Train to Busan,2016,https://boxd.it/1rfmjZ,4,,dvd,2020-11-01
2020-11-03,The Queen's Gambit,2020,https://boxd.it/1rmhFP,5,,netflix,2020-11-02
2020-11-03,The Cloverfield Paradox,2018,https://boxd.it/1rn33T,2,,netflix,2020-11-02
2020-11-04,Insomnia,2002,https://boxd.it/1rtMpn,4,,plex,2020-11-03
2020-11-05,Emma.,2020,https://boxd.it/1rypCD,3.5,,plex,2020-11-04
2020-11-06,Pan's Labyrinth,2006,https://boxd.it/1rEBZr,3.5,,dvd,2020-11-05
2020-11-07,Twelve Monkeys,1995,https://boxd.it/1rJDu1,3.5,,plex,2020-11-06
2020-11-08,The Greatest Showman,2017,https://boxd.it/1rPk8x,3.5,,plex,2020-11-07
2020-11-11,'71,2014,https://boxd.it/1s93rx,4,,,2020-11-10
2020-11-14,The Hunt,2012,https://boxd.it/1spFvf,5,,prime,2020-11-13
2020-11-16,Looper,2012,https://boxd.it/1sEagj,3.5,,plex,2020-11-15
2020-11-19,The Founder,2016,https://boxd.it/1sVJZ3,3,,prime,2020-11-18
2020-11-20,Possessor,2020,https://boxd.it/1t0YPH,3,,plex,2020-11-19
2020-11-23,Arrival,2016,https://boxd.it/1tjcXh,5,Yes,plex,2020-11-22
2020-11-26,The Meyerowitz Stories (New and Selected),2017,https://boxd.it/1tF9RT,4.5,,plex,2020-11-25
2020-11-27,X-Men: Days of Future Past,2014,https://boxd.it/1tLxA5,4,Yes,plex,2020-11-26
2020-12-02,The Undoing,2020,https://boxd.it/1umqV5,3.5,,,2020-12-01
2020-12-04,Ocean's Eleven,2001,https://boxd.it/1uyzMZ,3.5,,plex,2020-12-03
2020-12-06,The Thing,1982,https://boxd.it/1uNaJ7,4,,plex,2020-12-05
2020-12-08,Jack Reacher,2012,https://boxd.it/1v4qsb,3,,netflix,2020-12-07
2020-12-13,Nimic,2019,https://boxd.it/1vyPGH,3.5,,plex,2020-12-12
2020-12-21,Another Round,2020,https://boxd.it/1wv27h,4.5,,plex,2020-12-20
2020-12-22,Last Christmas,2019,https://boxd.it/1wBVez,3,,,2020-12-21
2020-12-23,50/50,2011,https://boxd.it/1wJYkh,3.5,,netflix,2020-12-22
2020-12-24,A Charlie Brown Christmas,1965,https://boxd.it/1wRctL,2,,,2020-12-23
2020-12-25,FX's A Christmas Carol,2019,https://boxd.it/1x0BWL,4,,plex,2020-12-24
2020-12-26,Eternal Sunshine of the Spotless Mind,2004,https://boxd.it/1x7QaV,4.5,,,2020-12-25
2020-12-27,Jumanji,1995,https://boxd.it/1xjMmd,3.5,,tv,2020-12-26
2020-12-27,Soul,2020,https://boxd.it/1xlCkP,4.5,,plex,2020-12-26
2020-12-28,The Thing,2011,https://boxd.it/1xy2vX,3,,plex,2020-12-27
2020-12-29,The Midnight Sky,2020,https://boxd.it/1xK5Rr,2.5,,netflix,2020-12-28
2020-12-31,Good Time,2017,https://boxd.it/1y3uMz,4,,plex,2020-12-30
2021-01-01,Prospect,2018,https://boxd.it/1yeMCT,4,,plex,2020-12-31
2021-01-03,X-Men: Apocalypse,2016,https://boxd.it/1yEgbX,2,,plex,2021-01-02
2021-01-04,Serenity,2005,https://boxd.it/1yT88L,4,,plex,2021-01-03
2021-01-05,Logan Lucky,2017,https://boxd.it/1z44X3,2.5,,prime,2021-01-04
2021-01-09,Greed,2019,https://boxd.it/1zCDpN,3,,dvd,2021-01-08
2021-01-10,Pitch Black,2000,https://boxd.it/1zLMkF,3.5,,plex,2021-01-09
2021-01-12,Taxi,1998,https://boxd.it/1A6JJ5,3,,prime,2021-01-11
2021-01-13,Headhunters,2011,https://boxd.it/1Agm9N,3.5,,plex,2021-01-12
2021-01-15,John Wick: Chapter 3 – Parabellum,2019,https://boxd.it/1AAolL,3,,netflix,2021-01-14
2021-01-19,Sputnik,2020,https://boxd.it/1BgfAL,3.5,,netflix,2021-01-18
2021-01-20,Redline,2009,https://boxd.it/1BoSdH,4,,,2021-01-19
2021-01-21,Captain Fantastic,2016,https://boxd.it/1BxOHL,3.5,,,2021-01-20
2021-01-22,Locke,2013,https://boxd.it/1BEzQH,3.5,,prime,2021-01-21
2021-01-24,Limitless,2011,https://boxd.it/1BXbw7,3,,netflix,2021-01-23
2021-01-25,Dredd,2012,https://boxd.it/1C8ux1,3,Yes,netflix,2021-01-24
2021-01-26,Hellboy,2004,https://boxd.it/1Chsxr,2.5,,plex,2021-01-25
2021-01-27,The Other Guys,2010,https://boxd.it/1Co07f,2.5,,,2021-01-26
2021-01-29,Hellboy II: The Golden Army,2008,https://boxd.it/1CEjzJ,4,,netflix,2021-01-28
2021-01-30,The Dig,2021,https://boxd.it/1CKIcR,3.5,,netflix,2021-01-29
2021-01-31,Sorry to Bother You,2018,https://boxd.it/1CU7ZR,4,,netflix,2021-01-30
2021-02-05,Darkman,1990,https://boxd.it/1DEdeT,2,,netflix,2021-02-04
2021-02-06,Hope Gap,2019,https://boxd.it/1DLJpN,2,,netflix,2021-02-05
2021-02-07,Greenland,2020,https://boxd.it/1DVMsF,3,,prime,2021-02-06
2021-02-08,Arlington Road,1999,https://boxd.it/1E6FGd,4,,prime,2021-02-07
2021-02-12,X-Men: First Class,2011,https://boxd.it/1ECtMd,3.5,Yes,plex,2021-02-11
2021-02-16,Hotel Artemis,2018,https://boxd.it/1FfbqL,2,,netflix,2021-02-15
2021-02-18,The Spy Gone North,2018,https://boxd.it/1Fw1QX,3.5,,prime,2021-02-17
2021-02-21,I Care a Lot,2020,https://boxd.it/1FXzsT,3,,prime,2021-02-20
2021-02-22,What If,2013,https://boxd.it/1G8QVF,3.5,,netflix,2021-02-21
2021-02-23,The Garden of Words,2013,https://boxd.it/1GhVjf,4,,plex,2021-02-22
2021-02-24,Coco,2017,https://boxd.it/1Gpys5,4,,plex,2021-02-23
2021-02-25,Inside Man,2006,https://boxd.it/1Gx8sJ,4,,netflix,2021-02-24
2021-02-26,Slumdog Millionaire,2008,https://boxd.it/1GEnsN,4,,,2021-02-25
2021-02-27,The Departed,2006,https://boxd.it/1GLQVD,4,,,2021-02-26
2021-03-01,Sound of Metal,2019,https://boxd.it/1H5nhf,4.5,,plex,2021-02-28
2021-03-02,Sully,2016,https://boxd.it/1Hd3sj,4,,prime,2021-03-01
2021-03-03,The Report,2019,https://boxd.it/1HljQR,3.5,,,2021-03-02
2021-03-04,Zero Dark Thirty,2012,https://boxd.it/1HsZ29,3.5,,plex,2021-03-03
2021-03-06,WandaVision,2021,https://boxd.it/1HF2tL,3,,plex,2021-03-05
2021-03-06,Punch-Drunk Love,2002,https://boxd.it/1HH0sb,3,,,2021-03-05
2021-03-08,The Place Beyond the Pines,2012,https://boxd.it/1I2fDl,3.5,,,2021-03-07
2021-03-09,Raya and the Last Dragon,2021,https://boxd.it/1I9VrZ,3.5,,,2021-03-08
2021-03-10,The Game,1997,https://boxd.it/1IhWph,4,,,2021-03-09
2021-03-14,Elizabeth,1998,https://boxd.it/1IKRSV,3,,,2021-03-13
2021-03-15,The Shining,1980,https://boxd.it/1ISQhF,4.5,,,2021-03-14
2021-03-16,Doctor Sleep,2019,https://boxd.it/1J3G7x,4,,,2021-03-15
2021-03-18,Mississippi Grind,2015,https://boxd.it/1Jj9en,2.5,,,2021-03-17
2021-03-20,The Falcon and the Winter Soldier,2021,https://boxd.it/1JE0tF,,Yes,,2021-03-19
2021-03-21,Zack Snyder's Justice League,2021,https://boxd.it/1JJzz9,4,,,2021-03-20
2021-03-25,Kick-Ass,2010,https://boxd.it/1Ki961,3,Yes,,2021-03-24
2021-03-26,Aniara,2018,https://boxd.it/1Kpxed,3,,,2021-03-25
2021-03-27,Starter for 10,2006,https://boxd.it/1KvGOB,3.5,,,2021-03-26
2021-03-29,Logan's Run,1976,https://boxd.it/1KPJPH,3,,,2021-03-28
2021-03-30,Fargo,1996,https://boxd.it/1KYK8R,3.5,,,2021-03-29
2021-03-31,Shazam!,2019,https://boxd.it/1L6Q2r,3.5,Yes,,2021-03-30
2021-04-04,The Maze Runner,2014,https://boxd.it/1LG3fD,3.5,Yes,,2021-04-03
2021-04-06,Maze Runner: The Scorch Trials,2015,https://boxd.it/1M0z9R,3,,,2021-04-05
2021-04-08,Face/Off,1997,https://boxd.it/1MibFv,4.5,,,2021-04-07
2021-04-08,OPAL,2020,https://boxd.it/1MlWQB,3.5,,,2021-04-08
2021-04-10,Withnail & I,1987,https://boxd.it/1MyldX,3.5,,,2021-04-09
2021-04-16,Page Eight,2011,https://boxd.it/1NsdJN,3,,,2021-04-15
2021-04-19,Maze Runner: The Death Cure,2018,https://boxd.it/1NTvBB,2,,,2021-04-18
2021-04-21,Spectral,2016,https://boxd.it/1ObJXn,2,,,2021-04-20
2021-04-22,Cast Away,2000,https://boxd.it/1Oju8v,4,,,2021-04-21
2021-04-24,The Falcon and the Winter Soldier,2021,https://boxd.it/1OwrP3,2.5,Yes,,2021-04-23
2021-04-25,Stowaway,2021,https://boxd.it/1OJWcd,3,,,2021-04-24
2021-04-28,Nobody,2021,https://boxd.it/1PdbWD,3.5,,,2021-04-27
2021-04-29,Ani*Kuri15: Good Morning,2007,https://boxd.it/1PnI3h,,,,2021-04-29
2021-05-01,The Courier,2020,https://boxd.it/1PzyWv,3.5,,,2021-04-30
2021-05-02,Only the Brave,2017,https://boxd.it/1PISqH,4,,,2021-05-01
2021-05-09,Giri/Haji,2019,https://boxd.it/1QGS21,4,,,2021-05-08
2021-05-14,The History of Future Folk,2012,https://boxd.it/1RlLqn,2.5,,,2021-05-13
2021-05-15,Take Shelter,2011,https://boxd.it/1RtICr,4.5,,,2021-05-14
2021-05-16,The Year Earth Changed,2021,https://boxd.it/1RDDfx,4,,,2021-05-15
2021-05-16,Terror in Resonance,2014,https://boxd.it/1RHJB3,3.5,,,2021-05-16
2021-05-17,I Am Legend,2007,https://boxd.it/1RN6YT,3.5,,,2021-05-16
2021-05-20,The Way Back,2020,https://boxd.it/1SaDAV,3.5,,,2021-05-19
2021-05-24,Molly's Game,2017,https://boxd.it/1SHEgD,3.5,,,2021-05-23
2021-05-25,Dawn of the Planet of the Apes,2014,https://boxd.it/1SQ0fN,3.5,,,2021-05-24
2021-05-27,Promising Young Woman,2020,https://boxd.it/1T5fTD,3,,,2021-05-26
2021-05-28,Oxygen,2021,https://boxd.it/1Tcsdp,3.5,,,2021-05-27
2021-05-29,Army of the Dead,2021,https://boxd.it/1TjI8f,2.5,,,2021-05-28
2021-05-31,A Quiet Place,2018,https://boxd.it/1TBVhv,4,Yes,everyman reigate,2021-05-30
2021-05-31,A Quiet Place Part II,2020,https://boxd.it/1TDlLt,4,,everyman reigate,2021-05-30
2021-06-01,Slaughterbots,2017,https://boxd.it/1TLROZ,3,,,2021-05-31
2021-06-06,The Daytrippers,1996,https://boxd.it/1Uqltn,4,,,2021-06-05
2021-06-18,Demon Slayer -Kimetsu no Yaiba- The Movie: Mugen Train,2020,https://boxd.it/1VXxTH,4,,,2021-06-17
2021-06-20,Soul,2020,https://boxd.it/1WcVoX,4.5,Yes,,2021-06-19
2021-06-20,Piper,2016,https://boxd.it/1Wdq1Z,4,,,2021-06-19
2021-06-22,Little Miss Sunshine,2006,https://boxd.it/1Wv9aB,3.5,,,2021-06-21
2021-06-29,The Wolverine,2013,https://boxd.it/1Xonuv,3.5,Yes,,2021-06-28
2021-07-01,The Devil Wears Prada,2006,https://boxd.it/1XBZ8N,4,,,2021-06-30
2021-07-01,Haywire,2011,https://boxd.it/1XCI1R,2.5,,,2021-06-30
2021-07-02,No Sudden Move,2021,https://boxd.it/1XL1Ef,3.5,,,2021-07-01
2021-07-03,The Tomorrow War,2021,https://boxd.it/1XT4fj,3.5,,,2021-07-02
2021-07-04,The Great Gatsby,2013,https://boxd.it/1XYFSn,2,,,2021-07-03
2021-07-07,The Talented Mr. Ripley,1999,https://boxd.it/1Yx2nl,4.5,,,2021-07-06
2021-07-09,The Informant!,2009,https://boxd.it/1YMNeZ,3.5,,,2021-07-08
2021-07-11,Black Widow,2021,https://boxd.it/1Z6e3R,3,,,2021-07-10
2021-07-15,Loki,2021,https://boxd.it/1ZGiY5,3,,,2021-07-14
2021-07-16,The Girl with the Dragon Tattoo,2011,https://boxd.it/1ZQ7PL,4.5,,,2021-07-15
2021-07-17,Murder Mystery,2019,https://boxd.it/1ZZyb7,2,,,2021-07-16
2021-07-18,The Change-Up,2011,https://boxd.it/20a4xp,1.5,,,2021-07-17
2021-07-19,Color Out of Space,2019,https://boxd.it/20q4dr,3.5,,,2021-07-19
2021-07-20,Jaws,1975,https://boxd.it/20uRwF,4,,,2021-07-19
2021-07-24,The Post,2017,https://boxd.it/213dmF,3.5,,,2021-07-23
2021-07-27,Stranger Than Fiction,2006,https://boxd.it/21voTh,4,,,2021-07-26
2021-07-28,A Parks and Recreation Special,2020,https://boxd.it/21CCRD,,,,2021-07-27
2021-07-28,Luca,2021,https://boxd.it/21Fjr3,3.5,,,2021-07-27
2021-08-01,Prometheus,2012,https://boxd.it/22bIP9,3.5,Yes,,2021-07-31
2021-08-04,Deep Cover,1992,https://boxd.it/22FFWB,4,,,2021-08-03
2021-08-05,Attack the Block,2011,https://boxd.it/22OhtD,3.5,,,2021-08-04
2021-08-06,The Suicide Squad,2021,https://boxd.it/22VdeX,4,,,2021-08-05
2021-08-08,Lost in Translation,2003,https://boxd.it/23eNx5,4,,,2021-08-07
2021-08-09,Calibre,2018,https://boxd.it/23qyMj,3.5,,,2021-08-08
2021-08-11,Jason Bourne,2016,https://boxd.it/23IVqh,2.5,,,2021-08-10
2021-08-12,The Mummy,1999,https://boxd.it/23R99F,3.5,,,2021-08-11
2021-08-14,Harry Brown,2009,https://boxd.it/246QxZ,4,,,2021-08-13
2021-08-15,Pig,2021,https://boxd.it/24giHB,4.5,,,2021-08-14
2021-08-16,Free Guy,2021,https://boxd.it/24r7AV,3.5,,,2021-08-15
2021-08-18,Beckett,2021,https://boxd.it/24JarN,3,,,2021-08-17
2021-08-23,Donnie Brasco,1997,https://boxd.it/25s9HZ,3.5,,,2021-08-22
2021-08-25,Reminiscence,2021,https://boxd.it/25Ix6b,2,,,2021-08-24
2021-08-27,The Fountain,2006,https://boxd.it/25ZorN,3,,,2021-08-26
2021-08-28,Chungking Express,1994,https://boxd.it/266QgR,4,,,2021-08-27
2021-08-29,Donnie Darko,2001,https://boxd.it/26fDaT,3.5,,,2021-08-28
2021-08-30,The Green Knight,2021,https://boxd.it/26roev,4,,,2021-08-29
2021-08-31,Bringing Out the Dead,1999,https://boxd.it/26Afht,3.5,,,2021-08-30
2021-09-03,H2O: The Molecule that Made Us,2020,https://boxd.it/26YkXn,2.5,,,2021-09-02
2021-09-04,The Outpost,2019,https://boxd.it/276CaJ,3,,,2021-09-03
2021-09-08,Inglourious Basterds,2009,https://boxd.it/27JkrF,4,,,2021-09-07
2021-09-09,Burn After Reading,2008,https://boxd.it/27RHsd,3.5,,,2021-09-08
2021-09-10,Sidewalls,2011,https://boxd.it/27YZ35,3.5,,,2021-09-09
2021-09-11,Munich,2005,https://boxd.it/286MJN,4.5,,,2021-09-10
2021-09-12,The Wolf of Snow Hollow,2020,https://boxd.it/28fMCl,3,,,2021-09-11
2021-09-14,Duel,1971,https://boxd.it/28yCRX,4,,,2021-09-13
2021-09-15,The Insider,1999,https://boxd.it/28GScn,4.5,,,2021-09-14
2021-09-17,Terribly Happy,2008,https://boxd.it/28VvMR,3,,,2021-09-16
2021-09-18,Ocean's Twelve,2004,https://boxd.it/29324d,4,,,2021-09-17
2021-09-20,The Social Network,2010,https://boxd.it/29l34T,5,Yes,,2021-09-19
2021-09-21,Shang-Chi and the Legend of the Ten Rings,2021,https://boxd.it/29u0hX,3.5,,everyman york,2021-09-20
2021-09-22,Shadow in the Cloud,2020,https://boxd.it/29AOzT,,,,2021-09-20
2021-09-22,The Forever Purge,2021,https://boxd.it/29AYVv,2,,,2021-09-21
2021-09-23,The Hunger Games,2012,https://boxd.it/29INHX,3,Yes,,2021-09-22
2021-09-27,The Matrix,1999,https://boxd.it/2agmhL,4,,,2021-09-26
2021-09-28,The Hunger Games: Catching Fire,2013,https://boxd.it/2aozL1,3.5,,,2021-09-27
2021-10-06,Sunshine,2007,https://boxd.it/2byjT3,4,,,2021-10-05
2021-10-09,No Time to Die,2021,https://boxd.it/2bWZkn,4,,cineworld york,2021-10-08
2021-10-11,Starship Troopers,1997,https://boxd.it/2ciGlZ,4,,,2021-10-10
2021-10-12,Bruce Almighty,2003,https://boxd.it/2cqN3p,3.5,,,2021-10-11
2021-10-16,Spider-Man: Homecoming,2017,https://boxd.it/2d3G5r,3.5,,,2021-10-15
2021-10-18,Harry Potter and the Chamber of Secrets,2002,https://boxd.it/2dps6z,4,,,2021-10-18
2021-10-23,"The French Dispatch of the Liberty, Kansas Evening Sun",2021,https://boxd.it/2e6YjB,4.5,,picturehouse york,2021-10-22
2021-10-25,Dune,2021,https://boxd.it/2euHO1,4.5,,cineworld york,2021-10-25
2021-10-26,Squid Game,2021,https://boxd.it/2eEYFF,3.5,,netflix,2021-10-25
2021-10-28,Mad Max: Fury Road,2015,https://boxd.it/2eXKeD,4,Yes,plex,2021-10-28
2021-10-30,Last Night in Soho,2021,https://boxd.it/2fkl0n,3,,picturehouse york,2021-10-30
2021-10-31,Hairspray,2007,https://boxd.it/2fosKF,4,,,2021-10-30
2021-11-02,Hot Fuzz,2007,https://boxd.it/2fPlKH,4,Yes,,2021-11-01
2021-11-03,Shaun of the Dead,2004,https://boxd.it/2fZXjJ,4,Yes,,2021-11-02
2021-11-08,Malignant,2021,https://boxd.it/2gKmhZ,3,,,2021-11-07
2021-11-09,Rushmore,1998,https://boxd.it/2gTNT5,3.5,,,2021-11-08
2021-11-10,Whiplash,2014,https://boxd.it/2h22TF,5,Yes,,2021-11-09
2021-11-20,C'mon C'mon,2021,https://boxd.it/2iABUF,4.5,,picturehouse york,2021-11-19
2021-11-24,School of Rock,2003,https://boxd.it/2j9s4v,4,,,2021-11-23
2021-11-29,Harry Potter and the Goblet of Fire,2005,https://boxd.it/2jZzI7,3.5,,,2021-11-28
2021-12-09,The Guilty,2018,https://boxd.it/2loZHD,4,,plex,2021-12-08
2021-12-09,Black Mirror: Hated in the Nation,2016,https://boxd.it/2lsebX,3.5,,,2021-12-08
2021-12-11,"tick, tick... BOOM!",2021,https://boxd.it/2lHIkv,3.5,,netflix,2021-12-10
2021-12-12,Army of Thieves,2021,https://boxd.it/2lRgLD,2.5,Yes,netflix,2021-12-11
2021-12-15,Force Majeure,2014,https://boxd.it/2mlYNX,3.5,,,2021-12-14
2021-12-17,Dark Phoenix,2019,https://boxd.it/2mFnrv,2,,,2021-12-16
2021-12-21,Gremlins,1984,https://boxd.it/2nsDq7,3.5,,,2021-12-21
2021-12-22,Wrath of Man,2021,https://boxd.it/2nD3DB,3,,prime,2021-12-21
2021-12-25,Scrooged,1988,https://boxd.it/2ofLIB,3,,,2021-12-24
2021-12-26,The Holiday,2006,https://boxd.it/2orHth,3,,,2021-12-25
2021-12-28,Dune,2021,https://boxd.it/2p3tmR,4.5,Yes,,2021-12-27
2022-01-02,Finch,2021,https://boxd.it/2qng6F,3.5,,,2022-01-01
2022-01-03,Black Mirror: White Christmas,2014,https://boxd.it/2qK1U7,4,,,2022-01-02
2022-01-05,Spider-Man: No Way Home,2021,https://boxd.it/2ri6i1,4,,,2022-01-04
2022-01-08,Legally Blonde,2001,https://boxd.it/2s31lj,3.5,,,2022-01-08
2022-01-08,Midsommar,2019,https://boxd.it/2s33kd,4.5,,,2022-01-08
2022-01-09,Shrek 2,2004,https://boxd.it/2skhed,5,,,2022-01-09
2022-01-16,Election,1999,https://boxd.it/2u6wt3,3.5,Yes,,2022-01-14
2022-01-16,Eternals,2021,https://boxd.it/2u6xiF,3,,,2022-01-14
2022-01-29,The House,2022,https://boxd.it/2wT1Fj,3.5,,,2022-01-28
2022-01-30,Spirited Away,2001,https://boxd.it/2x5eux,4,Yes,,2022-01-29
2022-02-05,Circle,2015,https://boxd.it/2ybTcv,2.5,,,2022-02-04
2022-02-06,The Invisible Man,2020,https://boxd.it/2yppp3,4.5,Yes,,2022-02-05
2022-02-09,Mamma Mia!,2008,https://boxd.it/2z48ep,3.5,,,2022-02-07
2022-02-11,The Woman in the House Across the Street from the Girl in the Window,2022,https://boxd.it/2zj95t,3,,,2022-02-10
2022-02-15,Tangled,2010,https://boxd.it/2A3MPx,4,,,2022-02-14
2022-02-15,Tangled Ever After,2012,https://boxd.it/2A3VON,3.5,,,2022-02-14
2022-02-15,Anastasia,1997,https://boxd.it/2A5juJ,3.5,,,2022-02-14
2022-02-16,Fantastic Mr. Fox,2009,https://boxd.it/2Af2VN,5,,,2022-02-15
2022-02-24,Kimi,2022,https://boxd.it/2BKxml,3,,,2022-02-23
2022-02-24,Flee,2021,https://boxd.it/2BLEEt,,,,2022-02-23
2022-03-05,The Batman,2022,https://boxd.it/2DmABD,4,,picturehouse york,2022-03-05
2022-03-13,Ratatouille,2007,https://boxd.it/2EMz3V,5,,,2022-03-12
2022-03-15,Heathers,1989,https://boxd.it/2FhMLj,3,,,2022-03-15
2022-03-19,Rubber,2010,https://boxd.it/2FUZT9,3,,,2022-03-18
2022-03-28,Moonrise Kingdom,2012,https://boxd.it/2HFiGf,4,,,2022-03-27
2022-03-29,The Darjeeling Limited,2007,https://boxd.it/2HQLXh,3.5,,,2022-03-28
2022-03-30,The Last Duel,2021,https://boxd.it/2I0qtP,4,,,2022-03-29
2022-04-05,Layer Cake,2004,https://boxd.it/2J4nEx,2.5,,,2022-04-04
2022-04-10,Jerry Maguire,1996,https://boxd.it/2JUjvb,3.5,,,2022-04-09
2022-04-11,Rain Man,1988,https://boxd.it/2K7gd5,4,,,2022-04-10
2022-04-13,The Firm,1993,https://boxd.it/2KoDsh,3.5,,,2022-04-11
2022-04-13,The Conjuring,2013,https://boxd.it/2KtmZ9,3.5,,,2022-04-12
2022-04-14,Marie Antoinette,2006,https://boxd.it/2KCKZZ,3,,,2022-04-13
2022-04-15,Real Steel,2011,https://boxd.it/2KLYhP,3.5,Yes,,2022-04-14
2022-04-16,A Cure for Wellness,2016,https://boxd.it/2KYMjv,3,,,2022-04-15
2022-04-17,The Witch,2015,https://boxd.it/2LaiR7,4,,,2022-04-16
2022-04-18,The Grand Budapest Hotel,2014,https://boxd.it/2LonTl,4,,,2022-04-17
2022-04-21,Don't Look Up,2021,https://boxd.it/2LX8cV,3.5,,,2022-04-20
2022-04-25,10 Cloverfield Lane,2016,https://boxd.it/2MGJ9J,3.5,,,2022-04-24
2022-05-01,Interview with the Vampire,1994,https://boxd.it/2NECsJ,3.5,,,2022-04-30
2022-05-01,Pokémon Detective Pikachu,2019,https://boxd.it/2NGnXr,3,,,2022-05-01
2022-05-02,The Northman,2022,https://boxd.it/2NPDeZ,4,,picturehouse york,2022-05-01
2022-05-05,The Worst Person in the World,2021,https://boxd.it/2Os8F9,4,,,2022-05-05
2022-05-06,Moon Knight,2022,https://boxd.it/2OwRKB,3,,,2022-05-05
2022-05-06,Ambulance,2022,https://boxd.it/2Ox7Ep,3.5,,,2022-05-05
2022-05-08,Guardians of the Galaxy,2014,https://boxd.it/2P2iiV,3.5,Yes,,2022-05-07
2022-05-11,Doctor Strange in the Multiverse of Madness,2022,https://boxd.it/2Pvj2n,4,,picturehouse york,2022-05-10
2022-05-17,Everything Everywhere All at Once,2022,https://boxd.it/2QCATL,5,,picturehouse york,2022-05-17
2022-05-31,Top Gun: Maverick,2022,https://boxd.it/2Ta02H,4.5,,vue york,2022-05-31
2022-06-20,Spiderhead,2022,https://boxd.it/2WDUpn,2,,netflix,2022-06-19
2022-06-21,Spree,2020,https://boxd.it/2WPaBL,3.5,,,2022-06-20
2022-06-22,RoboCop,1987,https://boxd.it/2X28hl,2.5,,,2022-06-21
2022-06-23,Obi-Wan Kenobi,2022,https://boxd.it/2XbqUX,3,,,2022-06-22
2022-06-23,eXistenZ,1999,https://boxd.it/2XdxVn,3.5,,,2022-06-22
2022-06-24,The Unbearable Weight of Massive Talent,2022,https://boxd.it/2XosqB,2.5,,,2022-06-23
2022-06-29,Two Weeks Notice,2002,https://boxd.it/2YlVqj,2.5,,,2022-06-28
2022-06-30,Paddington,2014,https://boxd.it/2YwaDH,,Yes,,2022-06-29
2022-07-15,Obi-Wan Kenobi,2022,https://boxd.it/31pYpX,3.5,,,2022-07-14
2022-07-16,Inside Man,2006,https://boxd.it/31Btmx,4,Yes,,2022-07-15
2022-07-17,Chronicle,2012,https://boxd.it/31OGQB,3,,,2022-07-16
2022-07-18,The Black Phone,2021,https://boxd.it/322dln,3,,,2022-07-17
2022-07-19,The Bob's Burgers Movie,2022,https://boxd.it/32bmuV,3,,,2022-07-18
2022-07-20,The Rainmaker,1997,https://boxd.it/32npiR,3.5,,,2022-07-19
2022-07-20,The Fly,1986,https://boxd.it/32rfgJ,4,,,2022-07-19
2022-07-21,Deathtrap,1982,https://boxd.it/32I2TR,3.5,,,2022-07-21
2022-07-25,Happy Gilmore,1996,https://boxd.it/33tszR,2,,,2022-07-24
2022-07-29,BlacKkKlansman,2018,https://boxd.it/34AY3L,4,,,2022-07-28
2022-07-30,Ma,2019,https://boxd.it/34N2qN,2.5,,,2022-07-29
2022-08-01,The Night House,2020,https://boxd.it/35eH4n,3.5,,,2022-07-31
2022-08-02,Misery,1990,https://boxd.it/35sU0L,3.5,,,2022-08-01
2022-08-04,Bullet Train,2022,https://boxd.it/35PsFn,3,,,2022-08-03
2022-08-05,Predator,1987,https://boxd.it/364xxt,3.5,,,2022-08-04
2022-08-06,Prey,2022,https://boxd.it/36fZHt,4,,,2022-08-05
2022-08-07,Shutter Island,2010,https://boxd.it/36ursf,4.5,,,2022-08-06
2022-08-09,Boiling Point,2021,https://boxd.it/36XSz1,4,,,2022-08-08
2022-08-12,Barton Fink,1991,https://boxd.it/37Afrb,4,,,2022-08-11
2022-08-16,Fracture,2007,https://boxd.it/38rdol,4,,,2022-08-15
2022-08-17,An American Werewolf in London,1981,https://boxd.it/38JbCB,3.5,,,2022-08-17
2022-08-19,The Devil's Advocate,1997,https://boxd.it/390YtR,4,,,2022-08-18
2022-08-21,Sleepers,1996,https://boxd.it/39uZrx,4,,,2022-08-20
2022-08-24,Michael Clayton,2007,https://boxd.it/3a0Bxl,3,,,2022-08-23
2022-08-26,One Hour Photo,2002,https://boxd.it/3amhpv,3.5,,,2022-08-24
2022-08-26,Blow Out,1981,https://boxd.it/3amhv9,3.5,,,2022-08-25
2022-08-27,"Good Morning, Vietnam",1987,https://boxd.it/3ax97Z,3.5,,,2022-08-26
2022-08-29,Hustle,2022,https://boxd.it/3aWKO7,3.5,,,2022-08-28
2022-08-30,Elvis,2022,https://boxd.it/3bafDF,3,,,2022-08-29
2022-08-31,Top Gun: Maverick,2022,https://boxd.it/3bkk4l,4.5,Yes,,2022-08-30
2022-09-02,Dead Poets Society,1989,https://boxd.it/3bEhTl,4,,,2022-09-01
2022-09-04,Alien: Covenant,2017,https://boxd.it/3c7l8L,4,,,2022-09-03
2022-09-06,The Platform,2019,https://boxd.it/3cs5aD,3.5,,,2022-09-05
2022-09-07,I Came By,2022,https://boxd.it/3cESCP,3,,,2022-09-06
2022-09-09,Airplane!,1980,https://boxd.it/3cYHgD,4.5,,,2022-09-08
2022-09-10,Archive,2020,https://boxd.it/3d8HId,3,,,2022-09-09
2022-09-21,Fall,2022,https://boxd.it/3ffdQD,3,,,2022-09-20
2022-09-25,The A-Team,2010,https://boxd.it/3fYyix,2.5,,,2022-09-24
2022-09-25,Neon Genesis Evangelion,1995,https://boxd.it/3g53J7,3.5,,,2022-09-25
2022-09-26,Jujutsu Kaisen 0,2021,https://boxd.it/3gcK6L,4,,,2022-09-25
2022-09-29,Shallow Grave,1994,https://boxd.it/3gKKjN,3,,,2022-09-28
2022-09-30,Cyberpunk: Edgerunners,2022,https://boxd.it/3gSBkj,3.5,,,2022-09-29
2022-10-01,Nope,2022,https://boxd.it/3h8R6T,4,,,2022-09-30
2022-10-02,Atlantis: The Lost Empire,2001,https://boxd.it/3hl1Kj,2.5,,,2022-10-01
2022-10-05,Sinbad: Legend of the Seven Seas,2003,https://boxd.it/3i3x35,4,,,2022-10-04
2022-10-08,Before Sunrise,1995,https://boxd.it/3iD2c3,4,,,2022-10-07
2022-10-11,Werewolf by Night,2022,https://boxd.it/3jmFNd,3.5,,,2022-10-10
2022-10-16,Shattered Glass,2003,https://boxd.it/3ko3ZN,3.5,,,2022-10-15
2022-10-17,Master and Commander: The Far Side of the World,2003,https://boxd.it/3kEpaf,4,,,2022-10-16
2022-10-19,Pirates of the Caribbean: The Curse of the Black Pearl,2003,https://boxd.it/3labTp,3.5,,,2022-10-19
2022-10-28,The Boat That Rocked,2009,https://boxd.it/3mUW3r,3.5,,,2022-10-27
2022-10-30,Perfect Sense,2011,https://boxd.it/3ns9lT,3.5,,,2022-10-30
2022-10-31,Greyhound,2020,https://boxd.it/3nI1Cp,3,,,2022-10-30
2022-11-01,The Ring,2002,https://boxd.it/3nQtXB,3,,,2022-10-31
2022-11-03,See How They Run,2022,https://boxd.it/3oj6cZ,3,,,2022-11-03
2022-11-06,Barbarian,2022,https://boxd.it/3oTVwN,3.5,Yes,"oli, dad, plex",2022-11-05
2022-11-12,Stillwater,2021,https://boxd.it/3qa9UF,4,,,2022-11-11
2022-11-14,Riders of Justice,2020,https://boxd.it/3qAvgf,3.5,,,2022-11-13
2022-11-15,Unsane,2018,https://boxd.it/3qTncR,3,,,2022-11-14
2022-11-16,TÁR,2022,https://boxd.it/3r4Qw9,4.5,,,2022-11-15
2022-11-21,The Shape of Water,2017,https://boxd.it/3s5Zu3,3.5,,,2022-11-20
2022-11-24,The Menu,2022,https://boxd.it/3sFyLt,4,,,2022-11-23
2022-11-25,Triangle,2009,https://boxd.it/3sXhXD,3,,,2022-11-25
2022-11-27,Raw,2016,https://boxd.it/3tihF7,5,,,2022-11-26
2022-11-30,Titane,2021,https://boxd.it/3tYqoN,,,,2022-11-29
2022-12-02,Requiem for a Dream,2000,https://boxd.it/3uk0R9,3.5,,,2022-12-01
2022-12-06,About Time,2013,https://boxd.it/3vbknJ,4.5,,,2022-12-05
2022-12-07,Mission: Impossible – Rogue Nation,2015,https://boxd.it/3vpmvX,4,,,2022-12-06
2022-12-09,Zoolander,2001,https://boxd.it/3vMbzF,3,,,2022-12-08
2022-12-16,Hidden Figures,2016,https://boxd.it/3xkDG7,3.5,,,2022-12-15
2022-12-17,Avatar: The Way of Water,2022,https://boxd.it/3xwfhr,4.5,,cineworld crawley,2022-12-16
2022-12-20,The Shawshank Redemption,1994,https://boxd.it/3yn1AP,4.5,,,2022-12-19
2022-12-21,The Handmaiden,2016,https://boxd.it/3yCWDL,3.5,,,2022-12-20
2022-12-22,Love Actually,2003,https://boxd.it/3yRfur,2.5,,,2022-12-21
2022-12-23,Eyes Wide Shut,1999,https://boxd.it/3zas6b,3.5,,,2022-12-22
2022-12-24,Glass Onion,2022,https://boxd.it/3zrNh9,2.5,,,2022-12-23
2022-12-25,Bodies Bodies Bodies,2022,https://boxd.it/3zNoxP,3.5,,,2022-12-24
2022-12-26,The Polar Express,2004,https://boxd.it/3A4p6T,3,,,2022-12-25
2022-12-27,The Fabelmans,2022,https://boxd.it/3AyqML,4,,,2022-12-26
2022-12-30,Crazy Rich Asians,2018,https://boxd.it/3BFNYj,3.5,Yes,,2022-12-29
2023-01-07,The Hobbit: The Desolation of Smaug,2013,https://boxd.it/3ETaYp,3,,,2023-01-06
2023-01-09,The Banshees of Inisherin,2022,https://boxd.it/3FN7hf,4,,,2023-01-08
2023-01-10,Red Eye,2005,https://boxd.it/3Gasdz,3,,,2023-01-09
2023-01-13,Puss in Boots: The Last Wish,2022,https://boxd.it/3H5Wrv,4,,,2023-01-12
2023-01-14,The Lord of the Rings: The Return of the King,2003,https://boxd.it/3HCpJR,4,,,2023-01-14
2023-01-16,Foxcatcher,2014,https://boxd.it/3IfxWd,4,,,2023-01-15
2023-01-18,Blade Runner 2049,2017,https://boxd.it/3ITSw1,4.5,Yes,,2023-01-17
2023-01-20,The Outfit,2022,https://boxd.it/3Jrq8N,3.5,,,2023-01-19
2023-01-25,Sound of Metal,2019,https://boxd.it/3Lc9F9,4.5,Yes,,2023-01-24
2023-01-27,Guillermo del Toro's Pinocchio,2022,https://boxd.it/3LDUqJ,3,,,2023-01-26
2023-02-01,All Quiet on the Western Front,2022,https://boxd.it/3NgQEJ,3.5,,,2023-01-31
2023-02-04,M3GAN,2022,https://boxd.it/3O7KOJ,3,,,2023-02-03
2023-02-05,Everything Everywhere All at Once,2022,https://boxd.it/3OrpIF,4.5,Yes,,2023-02-04
2023-02-09,The Guard,2011,https://boxd.it/3PEuV5,2.5,,,2023-02-08
2023-02-11,There Will Be Blood,2007,https://boxd.it/3Q8Wyt,3.5,,,2023-02-10
2023-02-15,Infinity Pool,2023,https://boxd.it/3RdWvj,3.5,,,2023-02-14
2023-02-19,The Secret Life of Walter Mitty,2013,https://boxd.it/3Su9vx,4,,,2023-02-18
2023-02-28,Babylon,2022,https://boxd.it/3UZLzH,3,,,2023-02-27
2023-03-03,"Synecdoche, New York",2008,https://boxd.it/3VJqlr,4,,,2023-03-02
2023-03-08,24 Hour Party People,2002,https://boxd.it/3X9xwn,3.5,,,2023-03-07
2023-03-11,Gone Baby Gone,2007,https://boxd.it/3XT1rn,4,,,2023-03-10
2023-03-27,John Wick: Chapter 4,2023,https://boxd.it/42jjP1,4,,everyman reigate,2023-03-26
2023-04-03,The Silence of the Lambs,1991,https://boxd.it/44b5j3,4,,,2023-04-02
2023-04-10,The Whale,2022,https://boxd.it/46dzkd,3.5,,,2023-04-09
2023-04-13,Tetris,2023,https://boxd.it/474A5p,2.5,,,2023-04-12
2023-04-15,Lars and the Real Girl,2007,https://boxd.it/47xcRH,4,,,2023-04-14
2023-04-18,Logan,2017,https://boxd.it/48x02B,3.5,,,2023-04-16
2023-04-20,Air,2023,https://boxd.it/48TkVF,4,,cineworld crawley,2023-04-19
2023-04-21,Puss in Boots: The Last Wish,2022,https://boxd.it/494Rnt,4,Yes,,2023-04-20
2023-04-23,Nightcrawler,2014,https://boxd.it/49BcAn,4.5,,,2023-04-22
2023-04-29,Things to Come,1936,https://boxd.it/4bjlnf,3,,,2023-04-29
2023-05-01,The Northman,2022,https://boxd.it/4bNCIJ,4,Yes,,2023-04-30
2023-05-02,The Signal,2014,https://boxd.it/4c6T6Z,2.5,,,2023-05-01
2023-05-03,Troll Hunter,2010,https://boxd.it/4cmb6N,3.5,,,2023-05-02
2023-05-13,The Artifice Girl,2022,https://boxd.it/4eWiyp,3,,,2023-05-12
2023-05-15,Jagged Edge,1985,https://boxd.it/4frb6l,2.5,,,2023-05-14
2023-05-19,The Fast and the Furious,2001,https://boxd.it/4gm74T,3.5,,,2023-05-18
2023-05-21,Old,2021,https://boxd.it/4gPBHf,3,,,2023-05-20
2023-05-25,Westworld,1973,https://boxd.it/4hYe1n,3.5,,,2023-05-25
2023-05-28,The Hudsucker Proxy,1994,https://boxd.it/4iy4jt,4,,,2023-05-27
2023-05-29,2 Fast 2 Furious,2003,https://boxd.it/4iOzcP,3,,,2023-05-28
2023-05-30,El Camino: A Breaking Bad Movie,2019,https://boxd.it/4j6Yk1,3.5,,,2023-05-29
2023-06-03,True Grit,2010,https://boxd.it/4k6Rpn,3.5,Yes,,2023-06-02
2023-06-04,BlackBerry,2023,https://boxd.it/4kp2w1,4,,,2023-06-03
2023-06-05,Spider-Man: Across the Spider-Verse,2023,https://boxd.it/4kH5cp,5,,vue exeter,2023-06-04
2023-06-20,Black Mirror: Joan Is Awful,2023,https://boxd.it/4oP3Vf,,,,2023-06-16
2023-06-20,Black Mirror: Loch Henry,2023,https://boxd.it/4oP55Z,,,,2023-06-18
2023-06-30,Extraction,2020,https://boxd.it/4rEy1n,3,,,2023-06-28
2023-07-01,Asteroid City,2023,https://boxd.it/4rS3cH,3.5,,the light redhill,2023-06-30
2023-07-02,Dungeons & Dragons: Honor Among Thieves,2023,https://boxd.it/4se6Nv,3.5,,,2023-07-01
2023-07-07,Minari,2020,https://boxd.it/4tLHEZ,3.5,,,2023-07-06
2023-07-09,Indiana Jones and the Dial of Destiny,2023,https://boxd.it/4ulSAV,3,,the light redhill,2023-07-08
2023-07-12,Mission: Impossible – Dead Reckoning,2023,https://boxd.it/4vjuYp,4,,cineworld crawley,2023-07-11
2023-07-20,Barbie,2023,https://boxd.it/4xK5bJ,4,,cineworld leicester square,2023-07-19
2023-07-21,A Knight's Tale,2001,https://boxd.it/4y1sRn,4,,,2023-07-20
2023-07-21,Guardians of the Galaxy Vol. 3,2023,https://boxd.it/4y59IJ,3.5,,,2023-07-20
2023-07-25,Edge of Tomorrow,2014,https://boxd.it/4zUW3h,3.5,,,2023-07-24
2023-07-31,Déjà Vu,2006,https://boxd.it/4CcwAD,4,,,2023-07-28
2023-08-04,Oppenheimer,2023,https://boxd.it/4DOYX1,4.5,,cineworld leicester square,2023-08-03
2023-08-09,Marcel the Shell with Shoes On,2021,https://boxd.it/4FncGv,5,,,2023-08-08
2023-08-12,Superbad,2007,https://boxd.it/4GgAft,2.5,,,2023-08-11
2023-08-20,We Need to Talk About Kevin,2011,https://boxd.it/4ILrEz,3,,,2023-08-19
2023-08-29,In the Mood for Love,2000,https://boxd.it/4LGcUJ,3.5,,picturehouse finsbury,2023-08-28
2023-09-04,GoodFellas,1990,https://boxd.it/4NqCxH,4,,picturehouse finsbury,2023-09-03
2023-09-08,The Nun II,2023,https://boxd.it/4OxVOv,3,,,2023-09-07
2023-09-16,Past Lives,2023,https://boxd.it/4QSc6t,4.5,,"picturehouse central, julia",2023-09-15
2023-09-17,Gladiator,2000,https://boxd.it/4Ra2vT,3,,,2023-09-16
2023-09-18,This Is Going to Hurt,2022,https://boxd.it/4RwxJB,4.5,,,2023-09-17
2023-09-23,The Truman Show,1998,https://boxd.it/4SNQAL,4.5,Yes,,2023-09-22
2023-09-25,The Irishman,2019,https://boxd.it/4Tpf95,4,,picturehouse finsbury,2023-09-24
2023-09-29,No Country for Old Men,2007,https://boxd.it/4UzAvP,3.5,,,2023-09-28
2023-09-29,The Wonderful Story of Henry Sugar,2023,https://boxd.it/4UHdCz,4,,,2023-09-29
2023-09-30,The Swan,2023,https://boxd.it/4UOdTT,3.5,,,2023-09-29
2023-10-01,TRON: Legacy,2010,https://boxd.it/4V2MSJ,4,Yes,bfi imax,2023-09-30
2023-10-01,The Rat Catcher,2023,https://boxd.it/4V4Olh,3.5,,,2023-09-30
2023-10-01,Arrival,2016,https://boxd.it/4VejlF,5,Yes,,2023-09-30
2023-10-02,Casino,1995,https://boxd.it/4Vv4ZT,4.5,,picturehouse finsbury,2023-10-01
2023-10-06,The Creator,2023,https://boxd.it/4WTQLH,2.5,,"bfi imax, julia",2023-10-05
2023-10-07,Molly's Game,2017,https://boxd.it/4XbZnb,3.5,Yes,,2023-10-06
2023-10-14,Fear Street: 1994,2021,https://boxd.it/4ZviiZ,3.5,,,2023-10-13
2023-10-19,The Exorcist: Believer,2023,https://boxd.it/51bOUJ,1,,"vue westfield, julia",2023-10-18
2023-10-22,Theater Camp,2023,https://boxd.it/51Z1ST,4,,,2023-10-21
2023-10-22,Moon,2009,https://boxd.it/52i1Xd,3.5,,,2023-10-21
2023-10-26,Killers of the Flower Moon,2023,https://boxd.it/53rNFj,4.5,,bfi imax,2023-10-26
2023-10-27,X,2022,https://boxd.it/53Gxkz,3.5,,,2023-10-26
2023-10-28,Pearl,2022,https://boxd.it/542sWH,3.5,,,2023-10-27
2023-10-30,Coraline,2009,https://boxd.it/54MBHt,4,,julia,2023-10-29
2023-11-01,28 Days Later,2002,https://boxd.it/55Cz7n,3.5,,,2023-10-31
2023-11-02,Interstellar,2014,https://boxd.it/561rcp,5,Yes,bfi imax,2023-11-01
2023-11-03,Crank,2006,https://boxd.it/56j1Tj,3,,,2023-11-02
2023-11-05,The Killer,2023,https://boxd.it/570OGJ,4,,the light redhill,2023-11-04
2023-11-06,Over the Garden Wall,2014,https://boxd.it/57pcGh,,,julia,2023-11-05
2023-11-11,Us Again,2021,https://boxd.it/58QbS5,3.5,,julia,2023-11-10
2023-11-11,Talk to Me,2022,https://boxd.it/58QgTH,4,,julia,2023-11-10
2023-11-11,The Simpsons Movie,2007,https://boxd.it/58RZOp,4,,julia,2023-11-11
2023-11-13,Carol,2015,https://boxd.it/59zqTH,3.5,,,2023-11-12
2023-11-15,Dream Scenario,2023,https://boxd.it/5abp8B,3.5,,"picturehouse finsbury, julia",2023-11-14
2023-11-23,The Hunger Games: The Ballad of Songbirds & Snakes,2023,https://boxd.it/5cHq7h,2,,"vue westfield, julia",2023-11-22
2023-11-30,Memento,2000,https://boxd.it/5fbNZJ,4,,,2023-11-29
2023-12-06,One Cut of the Dead,2017,https://boxd.it/5hcttX,4,,,2023-12-05
2023-12-12,Wonka,2023,https://boxd.it/5j9jUB,3.5,,,2023-12-05
2023-12-08,Anatomy of a Fall,2023,https://boxd.it/5hVlkj,3.5,,"picturehouse fulham, julia",2023-12-08
2023-12-10,About Time,2013,https://boxd.it/5ivyE9,4,Yes,"plex, julia",2023-12-09
2023-12-12,Speed,1994,https://boxd.it/5j9dXT,3.5,,,2023-12-10
2023-12-12,Saltburn,2023,https://boxd.it/5jkPkd,4.5,,"picturehouse finsbury, julia",2023-12-11
2023-12-15,A.I. Artificial Intelligence,2001,https://boxd.it/5kf7q1,4,,plex,2023-12-14
2023-12-19,Fallen Leaves,2023,https://boxd.it/5lNVLZ,3.5,,"picturehouse hackney, julia",2023-12-18
2023-12-20,Godzilla Minus One,2023,https://boxd.it/5m9Qkj,4.5,,the light redhill,2023-12-19
2023-12-21,The Holdovers,2023,https://boxd.it/5mwLff,4,,,2023-12-20
2023-12-23,House of Gucci,2021,https://boxd.it/5nl1LV,,,,2023-12-22
2023-12-24,Vesper,2022,https://boxd.it/5nNm2X,2.5,,,2023-12-23
2023-12-25,You've Got Mail,1998,https://boxd.it/5ok6ih,3.5,,,2023-12-24
2023-12-26,Toy Story 4,2019,https://boxd.it/5oF5TN,4.5,,,2023-12-25
2023-12-26,Troy,2004,https://boxd.it/5oQ2Ul,2.5,,,2023-12-25
2023-12-27,Frequency,2000,https://boxd.it/5pqfqF,4,,,2023-12-26
2023-12-28,La La Land,2016,https://boxd.it/5q0qDn,5,Yes,,2023-12-27
2023-12-29,Following,1998,https://boxd.it/5qst7Z,3.5,,,2023-12-28
2023-12-30,Primal Fear,1996,https://boxd.it/5rmdEv,3.5,,,2023-12-29
2023-12-31,Hereditary,2018,https://boxd.it/5rKPOh,4.5,Yes,julia,2023-12-31
2024-01-03,Fear Street: 1978,2021,https://boxd.it/5tC763,2,,,2024-01-02
2024-01-05,Aquaman and the Lost Kingdom,2023,https://boxd.it/5uCyr7,2,,,2024-01-04
2024-01-05,The Boy and the Heron,2023,https://boxd.it/5uMYah,3,,"julia, barbican",2024-01-04
2024-01-08,Ex Machina,2015,https://boxd.it/5wZJdz,4,,plex,2024-01-07
2024-01-13,Poor Things,2023,https://boxd.it/5zITWx,5,,"julia, curzon camden",2024-01-12
2024-01-14,"Dolly, Put the Kettle On",1947,https://boxd.it/5Ajfzx,,,,2024-01-13
2024-01-14,The Thing,1982,https://boxd.it/5Ajlrz,4,Yes,"bfi southbank, manu",2024-01-13
2024-01-18,2001: A Space Odyssey,1968,https://boxd.it/5CjzzF,4,,"tom, bfi imax",2024-01-17
2024-01-19,How to Blow Up a Pipeline,2022,https://boxd.it/5CXg0h,3.5,,,2024-01-18
2024-01-20,Ratatouille,2007,https://boxd.it/5DrOpb,5,Yes,julia,2024-01-19
2024-01-20,Soul,2020,https://boxd.it/5DrRDv,4.5,Yes,julia,2024-01-19
2024-01-21,Anger Management,2003,https://boxd.it/5EhhB3,3,,julia,2024-01-20
2024-01-28,Maestro,2023,https://boxd.it/5Hryul,3,,,2024-01-27
2024-01-29,Steve Jobs,2015,https://boxd.it/5HY6fj,5,Yes,,2024-01-28
2024-02-04,One Life,2023,https://boxd.it/5KPV7f,3.5,,,2024-02-03
2024-02-07,All of Us Strangers,2023,https://boxd.it/5MsS5n,4,,"picturehouse central, julia",2024-02-07
2024-02-08,Adventureland,2009,https://boxd.it/5MQWlR,2.5,,,2024-02-08
2024-02-10,Dune,2021,https://boxd.it/5NwBbv,4,Yes,bfi imax,2024-02-09
2024-02-11,Psycho,1960,https://boxd.it/5NYCeB,4,,julia,2024-02-10
2024-02-13,The Iron Claw,2023,https://boxd.it/5OYoml,4,,"curzon camden, julia",2024-02-12
2024-02-16,American Fiction,2023,https://boxd.it/5Q1vPz,3.5,,"julia, curzon mayfair",2024-02-15
2024-02-19,Memories of Murder,2003,https://boxd.it/5RriOJ,3.5,,julia,2024-02-18
2024-02-19,A Haunting in Venice,2023,https://boxd.it/5RGgo5,2.5,,,2024-02-18
2024-02-24,14 Peaks: Nothing Is Impossible,2021,https://boxd.it/5TQiql,3,,,2024-02-23
2024-03-02,Dune: Part Two,2024,https://boxd.it/5WZKKj,,,"bfi imax, manu",2024-03-01
2024-03-08,The Intern,2015,https://boxd.it/5ZO6Ix,3,,,2024-03-07
2024-03-09,Dune,2021,https://boxd.it/60rXWl,5,Yes,julia,2024-03-08
2024-03-10,Solaris,2002,https://boxd.it/60YTQp,4,,,2024-03-09
2024-03-12,The Last Repair Shop,2023,https://boxd.it/61RqPx,,,,2024-03-11
2024-03-14,Annihilation,2018,https://boxd.it/634mW5,3.5,Yes,julia,2024-03-14
2024-03-15,Dune: Part Two,2024,https://boxd.it/63ltK5,5,Yes,odeon west end,2024-03-15
2024-03-16,Paterson,2016,https://boxd.it/63IOWd,4,,julia,2024-03-15
2024-03-17,Drive-Away Dolls,2024,https://boxd.it/64eZ75,2,,"julia, curzon riverside",2024-03-16
2024-03-24,Dune: Part Two,2024,https://boxd.it/67dTTd,5,Yes,vue leicester square,2024-03-23
2024-03-28,Godzilla × Kong: The New Empire,2024,https://boxd.it/69he7j,2,,cineworld leicester square,2024-03-27
2024-03-29,Immaculate,2024,https://boxd.it/69Mlk7,3,,"manu, jordan, odeon leicester square",2024-03-29
2024-03-31,The Spider Within: A Spider-Verse Story,2023,https://boxd.it/6ayGrf,,,youtube,2024-03-30
2024-03-31,After Hours,1985,https://boxd.it/6aH3Ed,4,,nft2,2024-03-30
2024-04-06,Dark Waters,2019,https://boxd.it/6dLSRn,3.5,Yes,,2024-04-06
2024-04-12,Monkey Man,2024,https://boxd.it/6g57cv,4,,"julia, picturehouse central",2024-04-11
2024-04-15,Robot Dreams,2023,https://boxd.it/6haOyN,3.5,,"julia, plex",2024-04-14
2024-04-27,Mad Max: Fury Road,2015,https://boxd.it/6lUC5d,4.5,Yes,"julia, bfi imax",2024-04-26
2024-05-03,Civil War,2024,https://boxd.it/6oyJkH,3.5,,picturehouse central,2024-05-02
2024-05-07,Challengers,2024,https://boxd.it/6qkCXn,4.5,,"julia, odeon west end",2024-05-06
2024-05-17,Rise of the Planet of the Apes,2011,https://boxd.it/6unQ7H,3.5,Yes,disney+,2024-05-17
2024-05-19,Kingdom of the Planet of the Apes,2024,https://boxd.it/6uYEoZ,2.5,,the light redhill,2024-05-18
2024-05-22,Good Will Hunting,1997,https://boxd.it/6wh04n,4,Yes,netflix,2024-05-21
2024-05-26,Amélie,2001,https://boxd.it/6xP72F,4.5,Yes,"julia, plex",2024-05-24
2024-05-26,Furiosa: A Mad Max Saga,2024,https://boxd.it/6xP5JR,4,,"julia, odeon west end",2024-05-25
2024-05-29,Furiosa: A Mad Max Saga,2024,https://boxd.it/6z88QN,4,Yes,,2024-05-28
2024-06-05,About Time,2013,https://boxd.it/6CkVnh,4,Yes,"rooftop film, julia",2024-06-01
2024-06-05,Mulan,1998,https://boxd.it/6CkVZF,3.5,,"julia, disney+",2024-06-05
2024-06-07,La Chimera,2023,https://boxd.it/6CR7LJ,4,,"julia, curzon soho",2024-06-06
2024-06-09,Hit Man,2023,https://boxd.it/6Duk2l,3.5,,,2024-06-08
2024-06-16,The Dark Knight,2008,https://boxd.it/6Gs4S9,4.5,Yes,bfi imax,2024-06-16
2024-06-22,Reservoir Dogs,1992,https://boxd.it/6IJRVj,3,,"simon, luke, prime",2024-06-21
2024-06-23,Operation Mincemeat,2021,https://boxd.it/6JaFZR,3,,"julia, plex",2024-06-22
2024-06-24,Inside Out 2,2024,https://boxd.it/6JrBRN,3.5,,"julia, curzon camden",2024-06-23
2024-06-24,Come from Away,2021,https://boxd.it/6JDyjx,4,,"julia, apple tv",2024-06-23
2024-06-30,Braveheart,1995,https://boxd.it/6LSJIB,3.5,,"julia, disney+",2024-06-29
2024-07-03,A Quiet Place: Day One,2024,https://boxd.it/6Naoeb,3.5,,"julia, picturehouse central",2024-07-02
2024-07-22,10 Things I Hate About You,1999,https://boxd.it/6VWkcj,3.5,,"julia, disney+",2024-07-22
2024-07-23,Longlegs,2024,https://boxd.it/6WoCYV,3.5,,"julia, curzon victoria, alice, ollie",2024-07-23
2024-07-29,Twisters,2024,https://boxd.it/6YRZ9H,3.5,,"julia, vue westfield",2024-07-28
2024-08-18,Alien: Romulus,2024,https://boxd.it/77CPw3,3,,"julia, bfi imax",2024-08-17
2024-08-22,Stopmotion,2023,https://boxd.it/79NKVR,3.5,,"manu, bfi southbank, nft1",2024-08-22
2024-09-01,Blink Twice,2024,https://boxd.it/7ebGnl,3,,curzon camden,2024-08-31
2024-09-02,Aliens,1986,https://boxd.it/7eDaKj,,,disney+,2024-09-01
2024-09-04,The Nice Guys,2016,https://boxd.it/7fT1z3,4,,plex,2024-09-04
2024-09-06,Sanctuary,2022,https://boxd.it/7gtZgd,3.5,,plex,2024-09-05
2024-09-07,Where Dreams Go To Die,2017,https://boxd.it/7gQz9h,,,youtube,2024-09-06
2024-09-15,Beetlejuice Beetlejuice,2024,https://boxd.it/7kKm9x,3.5,,"julia, picturehouse central",2024-09-15
2024-09-20,The Frighteners,1996,https://boxd.it/7mUzdP,2.5,,"plex, oli, dad",2024-09-20
2024-09-22,Strange Darling,2023,https://boxd.it/7nSAEx,3,,"julia, 🇧🇪 cinema palace",2024-09-22
2024-10-03,Megalopolis,2024,https://boxd.it/7suCQH,2,,"bfi imax, simon, luke",2024-10-02
2024-10-05,Bull,2021,https://boxd.it/7tDIKH,3,,"dad, netflix",2024-10-05
2024-10-07,The Substance,2024,https://boxd.it/7ukGqr,4,,"julia, alice, ollie, picturehouse central",2024-10-06
2024-10-19,A Different Man,2024,https://boxd.it/7AmgNx,4,,curzon camden,2024-10-18
2024-10-21,Nightbitch,2024,https://boxd.it/7BkisB,2,,"julia, prince charles cinema",2024-10-20
2024-10-26,Notting Hill,1999,https://boxd.it/7DVtKj,3,,"netflix, mum, dad",2024-10-25
2024-10-28,Rebel Ridge,2024,https://boxd.it/7EOm9Z,4,,"dad, netflix",2024-10-27
2024-10-28,The Two Popes,2019,https://boxd.it/7EZkWn,3,,"netflix, mum, dad",2024-10-27
2024-10-29,The Wild Robot,2024,https://boxd.it/7FDsdP,5,,"picturehouse finsbury, julia",2024-10-28
2024-11-02,The Addams Family,1991,https://boxd.it/7HBWCz,3,,"netflix, julia, amelia",2024-11-01
2024-11-04,Hachi: A Dog's Tale,2009,https://boxd.it/7IFyFr,3,,julia,2024-11-03
2024-11-08,Juror #2,2024,https://boxd.it/7KBjVp,3,,picturehouse crouch end,2024-11-07
2024-11-10,Anora,2024,https://boxd.it/7LtuI5,4,,"julia, picturehouse finsbury",2024-11-09
2024-11-11,Official Competition,2021,https://boxd.it/7Mln33,3,,"dad, plex",2024-11-10
2024-11-12,A Man Called Otto,2022,https://boxd.it/7MVOPF,3.5,,"netflix, mum, dad",2024-11-11
2024-11-28,Wicked,2024,https://boxd.it/7V50fp,3,,"julia, vue leicester square",2024-11-28
2024-12-01,Conclave,2024,https://boxd.it/7Wfxq5,3.5,,"julia, picturehouse ealing",2024-11-30
2024-12-02,The Wild Robot,2024,https://boxd.it/7WWxSz,,Yes,"julia, alice, ollie, apple tv",2024-12-01
2024-12-07,(500) Days of Summer,2009,https://boxd.it/7Zel9h,4,,"julia, disney+",2024-12-06
2024-12-08,Chef,2014,https://boxd.it/7ZNyQt,4,Yes,"mum, dad, netflix",2024-12-07
2024-12-13,Bridget Jones's Diary,2001,https://boxd.it/82fc7F,3,,netflix,2024-12-12
2024-12-19,Elf,2003,https://boxd.it/85u6I3,3.5,,julia,2024-12-15
2024-12-18,The Lord of the Rings: The War of the Rohirrim,2024,https://boxd.it/855Yer,2.5,,"bfi imax, oli",2024-12-17
2024-12-23,The Wrong Trousers,1993,https://boxd.it/87LZ0n,5,,"julia, oli",2024-12-22
2024-12-24,The Holdovers,2023,https://boxd.it/890PGH,4,Yes,"plex, julia, dad, mum, oli",2024-12-22
2024-12-24,Carry-On,2024,https://boxd.it/88GDaT,2.5,,"netflix, dad, mum",2024-12-23
2024-12-25,Little Women,2019,https://boxd.it/89KQrl,4.5,,"dad, mum, oli",2024-12-25
2024-12-26,Wallace & Gromit: Vengeance Most Fowl,2024,https://boxd.it/8a2zbV,4,,"dad, mum, oli",2024-12-25
2024-12-27,Roald Dahl's Matilda the Musical,2022,https://boxd.it/8b32St,3.5,,"mum, dad",2024-12-26
2024-12-28,"The Boy, the Mole, the Fox and the Horse",2022,https://boxd.it/8bGiGL,2,,,2024-12-27
2024-12-28,Alice Through the Looking Glass,2016,https://boxd.it/8bJb71,2,,,2024-12-27
2024-12-28,La Chimera,2023,https://boxd.it/8bXe0P,4,Yes,"apple tv, mum, dad",2024-12-27
2024-12-29,Flushed Away,2006,https://boxd.it/8cBnEJ,3,Yes,,2024-12-28
2025-01-11,A Real Pain,2024,https://boxd.it/8pG16x,3.5,,"julia, plex",2025-01-10
2025-01-12,We Live in Time,2024,https://boxd.it/8ruY0H,3.5,,"julia, plex",2025-01-12
2025-01-18,Decision to Leave,2022,https://boxd.it/8vPfuv,4,,plex,2025-01-17
2025-01-26,The Brutalist,2024,https://boxd.it/8BGFW7,3.5,,"julia, tom, picturehouse finsbury",2025-01-25
2025-01-31,Flow,2024,https://boxd.it/8FMAuF,3,,"julia, plex",2025-01-25
2025-01-28,Secretary,2002,https://boxd.it/8DyowN,3.5,,"julia, plex",2025-01-27
2025-02-06,Grease,1978,https://boxd.it/8KrX3v,3,,julia,2025-01-31
2025-02-06,"Definitely, Maybe",2008,https://boxd.it/8KrZDZ,2.5,,julia,2025-01-31
2025-02-06,My Dearest Fu Bao,2024,https://boxd.it/8Ks3BD,3.5,,julia,2025-01-31
2025-02-06,"I Love You, Man",2009,https://boxd.it/8Ks7Bn,2,,julia,2025-02-01
2025-02-05,Lilo & Stitch,2002,https://boxd.it/8JL08n,4.5,,"julia, disney+",2025-02-04
2025-02-10,The Fall Guy,2024,https://boxd.it/8Nf4O5,4,,julia,2025-02-10
2025-02-10,The Watchers,2024,https://boxd.it/8Nf5Mp,2,,,2025-02-10
2025-02-14,The Bourne Identity,2002,https://boxd.it/8PbQPZ,3.5,,plex,2025-02-13
2025-02-16,Bridget Jones: Mad About the Boy,2025,https://boxd.it/8QjB0d,3,,"julia, picturehouse crouch end",2025-02-15
2025-02-17,Heretic,2024,https://boxd.it/8RgV93,3,,"plex, dad, mum",2025-02-16
2025-03-02,A Complete Unknown,2024,https://boxd.it/8ZyYSD,2.5,,julia,2025-03-01
2025-03-10,Mickey 17,2025,https://boxd.it/94I187,3,,"julia, picturehouse central",2025-03-08
2025-03-21,Best in Show,2000,https://boxd.it/9boh8l,3.5,,"plex, julia",2025-03-20
2025-04-21,Black Bag,2025,https://boxd.it/9tafNF,4,,,2025-03-23
2025-04-06,Chef,2014,https://boxd.it/9koVcD,4,Yes,"vic, tastefilm",2025-04-05
2025-04-12,Adolescence,2025,https://boxd.it/9nA5NN,4,,"connie, netflix",2025-04-11
2025-04-14,Whiplash,2014,https://boxd.it/9p0czJ,5,Yes,"julia, plex",2025-04-13
2025-04-19,Black Mirror: Common People,2025,https://boxd.it/9rOXiX,4,,"julia, netflix",2025-04-14
2025-04-18,Arrival,2016,https://boxd.it/9raTZj,5,Yes,"julia, plex",2025-04-17
2025-04-20,Black Mirror: Bête Noire,2025,https://boxd.it/9slO0L,2,,"julia, netflix",2025-04-17
2025-04-20,Black Mirror: Eulogy,2025,https://boxd.it/9slzsb,4,,"netflix, julia",2025-04-19
2025-04-20,The Princess Bride,1987,https://boxd.it/9sWgMF,3,,"plex, dad, mum, oli",2025-04-19
2025-04-20,Black Mirror: Plaything,2025,https://boxd.it/9sTPQB,3.5,,netflix,2025-04-20
2025-04-21,Black Mirror: USS Callister – Into Infinity,2025,https://boxd.it/9t5Qwh,3.5,,netflix,2025-04-20
2025-04-21,The Order,2024,https://boxd.it/9thZov,4,,"plex, dad",2025-04-20
2025-04-23,Sinners,2025,https://boxd.it/9uCZ8t,4.5,,"dad, the light redhill",2025-04-22
2025-04-24,Tron,1982,https://boxd.it/9vaRo7,2,,"dad, plex",2025-04-23
2025-05-05,Much Ado About Nothing,1993,https://boxd.it/9BDny9,3.5,,"julia, plex",2025-05-03
2025-05-06,Thunderbolts*,2025,https://boxd.it/9C6MzJ,2.5,,"curzon camden, julia",2025-05-05
2025-05-09,Stardust,2007,https://boxd.it/9E6DkX,4,,"julia, plex",2025-05-08
2025-05-29,Mission: Impossible – Dead Reckoning,2023,https://boxd.it/9POdPd,3.5,Yes,plex,2025-05-28
2025-05-30,Mission: Impossible – The Final Reckoning,2025,https://boxd.it/9QqlNZ,3.5,,"picturehouse central, tom",2025-05-29
2025-06-08,Conclave,2024,https://boxd.it/9WbFAF,4,Yes,"prime, connie",2025-06-05
2025-06-19,Love & Mercy,2014,https://boxd.it/a3bpR9,4,,"julia, iplayer",2025-06-19
2025-06-20,A Nice Indian Boy,2024,https://boxd.it/a3uT5H,3,,julia,2025-06-19
2025-06-25,28 Weeks Later,2007,https://boxd.it/a6PvTR,2,,netflix,2025-06-24
2025-06-26,F1,2025,https://boxd.it/a7QeSt,3.5,,curzon camden,2025-06-26
2025-06-28,28 Years Later,2025,https://boxd.it/a8xTMx,4,,"julia, simon, picturehouse central",2025-06-27
2025-06-30,My Neighbor Totoro,1988,https://boxd.it/a9WwFR,4,,"julia, bfi southbank",2025-06-29
2025-07-01,London's Hidden Track,2025,https://boxd.it/abfYtr,5,,julia,2025-07-01
2025-07-13,Superman,2025,https://boxd.it/aj45BZ,3.5,,"julia, simon, luke, vue islington",2025-07-12
2025-07-13,Final Destination Bloodlines,2025,https://boxd.it/ajjqoH,3,,"julia, connie, plex",2025-07-12
2025-07-14,The Ballad of Wallis Island,2025,https://boxd.it/ajPo9z,4,,"julia, curzon camden",2025-07-13
2025-07-15,The Hitchhiker's Guide to the Galaxy,1981,https://boxd.it/alnMEN,4,Yes,plex,2025-07-15
2025-07-21,KPop Demon Hunters,2025,https://boxd.it/aq0qhh,3.5,,"julia, netflix",2025-07-21
2025-07-31,Blockers,2018,https://boxd.it/axVnSV,2.5,,"julia, ollie, alice, netflix",2025-07-30
2025-08-03,KPop Demon Hunters,2025,https://boxd.it/aAgowr,4,Yes,"julia, ollie, alice, netflix",2025-08-02
2025-08-05,The Fantastic 4: First Steps,2025,https://boxd.it/aBY7Hz,3,,"julia, curzon camden",2025-08-04
2025-08-06,The Naked Gun,2025,https://boxd.it/aCHfrp,3.5,,"vue islington, luke, joe",2025-08-05
2025-08-11,Materialists,2025,https://boxd.it/aGpiAz,2.5,,"julia, plex",2025-08-10
2025-08-14,Weapons,2025,https://boxd.it/aIPkj1,4,,"picturehouse finsbury, julia, luke, joe, chloe, cait, mark",2025-08-13
2025-08-27,Freaky Friday,2003,https://boxd.it/aSA0kX,4.5,,"julia, disney+",2025-08-23
2025-08-30,The Thursday Murder Club,2025,https://boxd.it/aU9HMz,2.5,,"oli, picturehouse central",2025-08-29
2025-08-31,Searching for Sugar Man,2012,https://boxd.it/aV9GeP,3.5,,,2025-08-31
2025-09-29,One Battle After Another,2025,https://boxd.it/bcXBZJ,4.5,,"odeon leicester square, simon, luke, joe",2025-09-28
2025-10-20,Freakier Friday,2025,https://boxd.it/bq3hnf,3,,"julia, plex",2025-10-17
2025-10-26,St Trinian's,2007,https://boxd.it/buoEiF,3,,"julia, alice, amelia, sara, apple tv",2025-10-25
2025-11-02,Bring Her Back,2025,https://boxd.it/bzg7H7,3.5,,"julia, ollie, alice",2025-10-31
2025-11-02,Frankenstein,2025,https://boxd.it/bzgjNV,4,,"julia, curzon camden",2025-11-01
2025-11-10,The Roses,2025,https://boxd.it/bF3htx,3.5,,"julia, plex, connie",2025-11-08
2025-11-29,Wake Up Dead Man,2025,https://boxd.it/bROAuh,3.5,,"julia, tom, picturehouse central",2025-11-28
2025-12-08,The Baltimorons,2025,https://boxd.it/bYboeh,3,,"julia, dad, mum, plex",2025-12-07
2025-12-11,Die Hard,1988,https://boxd.it/bZYPZh,4,Yes,"the light redhill, dad, julia, oli",2025-12-08
2025-12-10,TRON: Ares,2025,https://boxd.it/bZBSp1,2,,"dad, plex",2025-12-09
2025-12-12,Me and Earl and the Dying Girl,2015,https://boxd.it/c0Taah,3.5,,"julia, plex",2025-12-11
2025-12-14,Deep Cover,2025,https://boxd.it/c1U4xb,3.5,,"julia, dad, mum, oli, plex",2025-12-13
2025-12-20,Avatar: Fire and Ash,2025,https://boxd.it/c8cDZJ,3,,"manu, jordan, odeon west end",2025-12-20
2025-12-23,The Ballad of Wallis Island,2025,https://boxd.it/cb61Kr,4,Yes,"plex, dad, mum",2025-12-22
2025-12-25,Sentimental Value,2025,https://boxd.it/cdkE33,4,,,2025-12-24
2025-12-26,Gremlins,1984,https://boxd.it/cecd9r,4,Yes,"plex, dad, mum, oli",2025-12-25
2025-12-27,John Wick: Chapter 4,2023,https://boxd.it/cg8Pr9,4,Yes,"plex, dad",2025-12-26
2025-12-28,"What's Up, Doc?",1972,https://boxd.it/cgLp7b,4,,"iplayer, dad, mum",2025-12-27
2026-01-04,Eternity,2025,https://boxd.it/cq57ST,3,,"plex, julia",2026-01-01
2026-01-06,The Wedding Banquet,2025,https://boxd.it/csKzJl,2.5,,"julia, plex",2026-01-03
2026-01-06,Marty Supreme,2025,https://boxd.it/ctTlZV,4.5,,"julia, curzon camden",2026-01-06
2026-01-14,Air,2023,https://boxd.it/cDf2D7,3.5,Yes,"julia, plex",2026-01-13
2026-01-18,28 Years Later: The Bone Temple,2026,https://boxd.it/cGkfKx,3,,"julia, luke, simon, curzon camden",2026-01-17
2026-01-27,Hot Fuzz,2007,https://boxd.it/cR5Tb7,4.5,Yes,"julia, plex",2026-01-24
2026-01-31,Nouvelle Vague,2025,https://boxd.it/cUSKzp,3.5,,"julia, luke, simon, curzon camden",2026-01-30
2026-02-03,The Lord of the Rings: The Return of the King,2003,https://boxd.it/cXCKSr,4.5,Yes,"oli, vue leicester square",2026-02-01
2026-02-10,Bend It Like Beckham,2002,https://boxd.it/d45UXN,2.5,,"julia, plex, lucy, amelia",2026-02-09
2026-02-12,The Intern,2015,https://boxd.it/d5GaKV,3.5,Yes,"julia, picturehouse central",2026-02-11
2026-02-14,Something's Gotta Give,2003,https://boxd.it/d6XTt9,3,,"julia, plex",2026-02-13
2026-02-15,Wuthering Heights,2026,https://boxd.it/d7QKmX,2,,"julia, curzon camden",2026-02-14
2026-02-17,Bugonia,2025,https://boxd.it/da1RrP,4,,"plex, julia",2026-02-15
2026-02-23,Shaun of the Dead,2004,https://boxd.it/dfLwTb,4,Yes,"julia, plex",2026-02-20
2026-02-25,If I Had Legs I'd Kick You,2025,https://boxd.it/diahMd,4,,"curzon camden, julia, luke",2026-02-24
2026-03-02,I Swear,2025,https://boxd.it/dm5JBN,5,,"plex, julia, alice, ollie",2026-03-01
2026-03-13,Sirāt,2025,https://boxd.it/duJMad,3.5,,"julia, plex",2026-03-12
2026-03-15,Hoppers,2026,https://boxd.it/dw6Dxx,4.5,,"julia, curzon camden",2026-03-14
2026-03-15,Hamnet,2025,https://boxd.it/dwl5wb,3.5,,"julia, plex",2026-03-14
2026-03-17,Louis Theroux: Inside the Manosphere,2026,https://boxd.it/dylKNZ,3,,"dad, netflix",2026-03-16
2026-03-18,Sinners,2025,https://boxd.it/dz9YQ9,5,Yes,"julia, plex",2026-03-17
2026-03-19,WALL·E,2008,https://boxd.it/dzVFHN,4.5,Yes,"plex, julia",2026-03-18
2026-03-20,Predator: Badlands,2025,https://boxd.it/dADwkD,2.5,,plex,2026-03-19
2026-03-23,Project Hail Mary,2026,https://boxd.it/dDsjCf,4,,"cineworld leicester square, julia, alice, ollie, imax",2026-03-22
2026-03-26,The Prestige,2006,https://boxd.it/dFX7c5,4.5,,"plex, julia",2026-03-24
2026-03-27,No Other Choice,2025,https://boxd.it/dH7FKf,4.5,,"julia, picturehouse central",2026-03-26
2026-04-01,3 Idiots,2009,https://boxd.it/dLLw8R,3.5,,"julia, plex",2026-03-31
2026-04-04,Inception,2010,https://boxd.it/dOA2kt,5,,"plex, julia, dad, mum",2026-04-03
2026-04-05,When Harry Met Sally...,1989,https://boxd.it/dQaoyj,4,,"plex, julia, mum, dad",2026-04-05
2026-04-12,Interstellar,2014,https://boxd.it/dWxyot,5,Yes,"royal albert hall, julia",2026-04-05
2026-04-18,The Housemaid,2025,https://boxd.it/e0CC5L,2,,"julia, plex",2026-04-17
2026-04-19,Se7en,1995,https://boxd.it/e28DLr,4.5,Yes,"julia, plex",2026-04-17
2026-04-27,The Devil Wears Prada,2006,https://boxd.it/e8a7oX,4,Yes,"plex, julia, hagi",2026-04-26
2026-04-30,Midnight Mass,2021,https://boxd.it/easXBj,3.5,Yes,"julia, plex",2026-04-29
2026-05-10,The Devil Wears Prada 2,2026,https://boxd.it/eipqlN,3,,"vue leicester square, julia, alice, ollie",2026-05-04
2026-05-08,The Drama,2026,https://boxd.it/egJLY9,4,,"julia, plex",2026-05-07
2026-05-10,The Lovely Bones,2009,https://boxd.it/eiztxH,3,,"plex, julia",2026-05-09
2026-05-11,The Sheep Detectives,2026,https://boxd.it/eja4AZ,3.5,,"julia, curzon camden",2026-05-10
2026-05-11,Wild London,2026,https://boxd.it/ejiRZP,4,,"julia, iplayer",2026-05-10
2026-05-11,Oddity,2024,https://boxd.it/ejraqZ,3,,"julia, plex",2026-05-10
2026-05-14,Relay,2024,https://boxd.it/elN5kf,3.5,,plex,2026-05-13
